Rank,Name,Industry,Revenue (USD millions),Revenue growth,Employees,Headquarters
1,1,1,1,1,1,1
Walmart,Walmart,Walmart,Walmart,Walmart,Walmart,Walmart
Retail,Retail,Retail,Retail,Retail,Retail,Retail
"611,289","611,289","611,289","611,289","611,289","611,289","611,289"
6.7%,6.7%,6.7%,6.7%,6.7%,6.7%,6.7%
"2,100,000","2,100,000","2,100,000","2,100,000","2,100,000","2,100,000","2,100,000"
"Bentonville, Arkansas","Bentonville, Arkansas","Bentonville, Arkansas","Bentonville, Arkansas","Bentonville, Arkansas","Bentonville, Arkansas","Bentonville, Arkansas"
2,2,2,2,2,2,2
Amazon,Amazon,Amazon,Amazon,Amazon,Amazon,Amazon
Retail and cloud computing,Retail and cloud computing,Retail and cloud computing,Retail and cloud computing,Retail and cloud computing,Retail and cloud computing,Retail and cloud computing
"513,983","513,983","513,983","513,983","513,983","513,983","513,983"
9.4%,9.4%,9.4%,9.4%,9.4%,9.4%,9.4%
"1,540,000","1,540,000","1,540,000","1,540,000","1,540,000","1,540,000","1,540,000"
"Seattle, Washington","Seattle, Washington","Seattle, Washington","Seattle, Washington","Seattle, Washington","Seattle, Washington","Seattle, Washington"
3,3,3,3,3,3,3
ExxonMobil,ExxonMobil,ExxonMobil,ExxonMobil,ExxonMobil,ExxonMobil,ExxonMobil
Petroleum industry,Petroleum industry,Petroleum industry,Petroleum industry,Petroleum industry,Petroleum industry,Petroleum industry
"413,680","413,680","413,680","413,680","413,680","413,680","413,680"
44.8%,44.8%,44.8%,44.8%,44.8%,44.8%,44.8%
"62,000","62,000","62,000","62,000","62,000","62,000","62,000"
"Spring, Texas","Spring, Texas","Spring, Texas","Spring, Texas","Spring, Texas","Spring, Texas","Spring, Texas"
4,4,4,4,4,4,4
Apple,Apple,Apple,Apple,Apple,Apple,Apple
Electronics industry,Electronics industry,Electronics industry,Electronics industry,Electronics industry,Electronics industry,Electronics industry
"394,328","394,328","394,328","394,328","394,328","394,328","394,328"
7.8%,7.8%,7.8%,7.8%,7.8%,7.8%,7.8%
"164,000","164,000","164,000","164,000","164,000","164,000","164,000"
"Cupertino, California","Cupertino, California","Cupertino, California","Cupertino, California","Cupertino, California","Cupertino, California","Cupertino, California"
5,5,5,5,5,5,5
UnitedHealth Group,UnitedHealth Group,UnitedHealth Group,UnitedHealth Group,UnitedHealth Group,UnitedHealth Group,UnitedHealth Group
Healthcare,Healthcare,Healthcare,Healthcare,Healthcare,Healthcare,Healthcare
"324,162","324,162","324,162","324,162","324,162","324,162","324,162"
12.7%,12.7%,12.7%,12.7%,12.7%,12.7%,12.7%
"400,000","400,000","400,000","400,000","400,000","400,000","400,000"
"Minnetonka, Minnesota","Minnetonka, Minnesota","Minnetonka, Minnesota","Minnetonka, Minnesota","Minnetonka, Minnesota","Minnetonka, Minnesota","Minnetonka, Minnesota"
6,6,6,6,6,6,6
CVS Health,CVS Health,CVS Health,CVS Health,CVS Health,CVS Health,CVS Health
Healthcare,Healthcare,Healthcare,Healthcare,Healthcare,Healthcare,Healthcare
"322,467","322,467","322,467","322,467","322,467","322,467","322,467"
10.4%,10.4%,10.4%,10.4%,10.4%,10.4%,10.4%
"259,500","259,500","259,500","259,500","259,500","259,500","259,500"
"Woonsocket, Rhode Island","Woonsocket, Rhode Island","Woonsocket, Rhode Island","Woonsocket, Rhode Island","Woonsocket, Rhode Island","Woonsocket, Rhode Island","Woonsocket, Rhode Island"
7,7,7,7,7,7,7
Berkshire Hathaway,Berkshire Hathaway,Berkshire Hathaway,Berkshire Hathaway,Berkshire Hathaway,Berkshire Hathaway,Berkshire Hathaway
Conglomerate,Conglomerate,Conglomerate,Conglomerate,Conglomerate,Conglomerate,Conglomerate
"302,089","302,089","302,089","302,089","302,089","302,089","302,089"
9.4%,9.4%,9.4%,9.4%,9.4%,9.4%,9.4%
"383,000","383,000","383,000","383,000","383,000","383,000","383,000"
"Omaha, Nebraska","Omaha, Nebraska","Omaha, Nebraska","Omaha, Nebraska","Omaha, Nebraska","Omaha, Nebraska","Omaha, Nebraska"
8,8,8,8,8,8,8
Alphabet,Alphabet,Alphabet,Alphabet,Alphabet,Alphabet,Alphabet
Technology and cloud computing,Technology and cloud computing,Technology and cloud computing,Technology and cloud computing,Technology and cloud computing,Technology and cloud computing,Technology and cloud computing
"282,836","282,836","282,836","282,836","282,836","282,836","282,836"
9.8%,9.8%,9.8%,9.8%,9.8%,9.8%,9.8%
"156,000","156,000","156,000","156,000","156,000","156,000","156,000"
"Mountain View, California","Mountain View, California","Mountain View, California","Mountain View, California","Mountain View, California","Mountain View, California","Mountain View, California"
9,9,9,9,9,9,9
McKesson Corporation,McKesson Corporation,McKesson Corporation,McKesson Corporation,McKesson Corporation,McKesson Corporation,McKesson Corporation
Health,Health,Health,Health,Health,Health,Health
"276,711","276,711","276,711","276,711","276,711","276,711","276,711"
4.8%,4.8%,4.8%,4.8%,4.8%,4.8%,4.8%
"48,500","48,500","48,500","48,500","48,500","48,500","48,500"
"Irving, Texas","Irving, Texas","Irving, Texas","Irving, Texas","Irving, Texas","Irving, Texas","Irving, Texas"
10,10,10,10,10,10,10
Chevron Corporation,Chevron Corporation,Chevron Corporation,Chevron Corporation,Chevron Corporation,Chevron Corporation,Chevron Corporation
Petroleum industry,Petroleum industry,Petroleum industry,Petroleum industry,Petroleum industry,Petroleum industry,Petroleum industry
"246,252","246,252","246,252","246,252","246,252","246,252","246,252"
51.6%,51.6%,51.6%,51.6%,51.6%,51.6%,51.6%
"43,846","43,846","43,846","43,846","43,846","43,846","43,846"
"San Ramon, California","San Ramon, California","San Ramon, California","San Ramon, California","San Ramon, California","San Ramon, California","San Ramon, California"
11,11,11,11,11,11,11
Cencora,Cencora,Cencora,Cencora,Cencora,Cencora,Cencora
Pharmacy wholesale,Pharmacy wholesale,Pharmacy wholesale,Pharmacy wholesale,Pharmacy wholesale,Pharmacy wholesale,Pharmacy wholesale
"238,587","238,587","238,587","238,587","238,587","238,587","238,587"
11.5%,11.5%,11.5%,11.5%,11.5%,11.5%,11.5%
"41,500","41,500","41,500","41,500","41,500","41,500","41,500"
"Chesterbrook, Pennsylvania","Chesterbrook, Pennsylvania","Chesterbrook, Pennsylvania","Chesterbrook, Pennsylvania","Chesterbrook, Pennsylvania","Chesterbrook, Pennsylvania","Chesterbrook, Pennsylvania"
12,12,12,12,12,12,12
Costco,Costco,Costco,Costco,Costco,Costco,Costco
Retail,Retail,Retail,Retail,Retail,Retail,Retail
"226,954","226,954","226,954","226,954","226,954","226,954","226,954"
15.8%,15.8%,15.8%,15.8%,15.8%,15.8%,15.8%
"304,000","304,000","304,000","304,000","304,000","304,000","304,000"
"Issaquah, Washington","Issaquah, Washington","Issaquah, Washington","Issaquah, Washington","Issaquah, Washington","Issaquah, Washington","Issaquah, Washington"
13,13,13,13,13,13,13
Microsoft,Microsoft,Microsoft,Microsoft,Microsoft,Microsoft,Microsoft
Technology and cloud computing,Technology and cloud computing,Technology and cloud computing,Technology and cloud computing,Technology and cloud computing,Technology and cloud computing,Technology and cloud computing
"198,270","198,270","198,270","198,270","198,270","198,270","198,270"
18.0%,18.0%,18.0%,18.0%,18.0%,18.0%,18.0%
"221,000","221,000","221,000","221,000","221,000","221,000","221,000"
"Redmond, Washington","Redmond, Washington","Redmond, Washington","Redmond, Washington","Redmond, Washington","Redmond, Washington","Redmond, Washington"
14,14,14,14,14,14,14
Cardinal Health,Cardinal Health,Cardinal Health,Cardinal Health,Cardinal Health,Cardinal Health,Cardinal Health
Healthcare,Healthcare,Healthcare,Healthcare,Healthcare,Healthcare,Healthcare
"181,364","181,364","181,364","181,364","181,364","181,364","181,364"
11.6%,11.6%,11.6%,11.6%,11.6%,11.6%,11.6%
"46,035","46,035","46,035","46,035","46,035","46,035","46,035"
"Dublin, Ohio","Dublin, Ohio","Dublin, Ohio","Dublin, Ohio","Dublin, Ohio","Dublin, Ohio","Dublin, Ohio"
15,15,15,15,15,15,15
Cigna,Cigna,Cigna,Cigna,Cigna,Cigna,Cigna
Health insurance,Health insurance,Health insurance,Health insurance,Health insurance,Health insurance,Health insurance
"180,516","180,516","180,516","180,516","180,516","180,516","180,516"
3.7%,3.7%,3.7%,3.7%,3.7%,3.7%,3.7%
"70,231","70,231","70,231","70,231","70,231","70,231","70,231"
"Bloomfield, Connecticut","Bloomfield, Connecticut","Bloomfield, Connecticut","Bloomfield, Connecticut","Bloomfield, Connecticut","Bloomfield, Connecticut","Bloomfield, Connecticut"
16,16,16,16,16,16,16
Marathon Petroleum,Marathon Petroleum,Marathon Petroleum,Marathon Petroleum,Marathon Petroleum,Marathon Petroleum,Marathon Petroleum
Petroleum industry,Petroleum industry,Petroleum industry,Petroleum industry,Petroleum industry,Petroleum industry,Petroleum industry
"180,012","180,012","180,012","180,012","180,012","180,012","180,012"
27.6%,27.6%,27.6%,27.6%,27.6%,27.6%,27.6%
"17,800","17,800","17,800","17,800","17,800","17,800","17,800"
"Findlay, Ohio","Findlay, Ohio","Findlay, Ohio","Findlay, Ohio","Findlay, Ohio","Findlay, Ohio","Findlay, Ohio"
17,17,17,17,17,17,17
Phillips 66,Phillips 66,Phillips 66,Phillips 66,Phillips 66,Phillips 66,Phillips 66
Petroleum industry,Petroleum industry,Petroleum industry,Petroleum industry,Petroleum industry,Petroleum industry,Petroleum industry
"175,702","175,702","175,702","175,702","175,702","175,702","175,702"
53.0%,53.0%,53.0%,53.0%,53.0%,53.0%,53.0%
"13,000","13,000","13,000","13,000","13,000","13,000","13,000"
"Houston, Texas","Houston, Texas","Houston, Texas","Houston, Texas","Houston, Texas","Houston, Texas","Houston, Texas"
18,18,18,18,18,18,18
Valero Energy,Valero Energy,Valero Energy,Valero Energy,Valero Energy,Valero Energy,Valero Energy
Petroleum industry,Petroleum industry,Petroleum industry,Petroleum industry,Petroleum industry,Petroleum industry,Petroleum industry
"171,189","171,189","171,189","171,189","171,189","171,189","171,189"
58.0%,58.0%,58.0%,58.0%,58.0%,58.0%,58.0%
"9,743","9,743","9,743","9,743","9,743","9,743","9,743"
"San Antonio, Texas","San Antonio, Texas","San Antonio, Texas","San Antonio, Texas","San Antonio, Texas","San Antonio, Texas","San Antonio, Texas"
19,19,19,19,19,19,19
Ford Motor Company,Ford Motor Company,Ford Motor Company,Ford Motor Company,Ford Motor Company,Ford Motor Company,Ford Motor Company
Automotive industry,Automotive industry,Automotive industry,Automotive industry,Automotive industry,Automotive industry,Automotive industry
"158,057","158,057","158,057","158,057","158,057","158,057","158,057"
15.9%,15.9%,15.9%,15.9%,15.9%,15.9%,15.9%
"173,000","173,000","173,000","173,000","173,000","173,000","173,000"
"Dearborn, Michigan","Dearborn, Michigan","Dearborn, Michigan","Dearborn, Michigan","Dearborn, Michigan","Dearborn, Michigan","Dearborn, Michigan"
20,20,20,20,20,20,20
The Home Depot,The Home Depot,The Home Depot,The Home Depot,The Home Depot,The Home Depot,The Home Depot
Retail,Retail,Retail,Retail,Retail,Retail,Retail
"157,403","157,403","157,403","157,403","157,403","157,403","157,403"
4.1%,4.1%,4.1%,4.1%,4.1%,4.1%,4.1%
"471,600","471,600","471,600","471,600","471,600","471,600","471,600"
"Atlanta, Georgia","Atlanta, Georgia","Atlanta, Georgia","Atlanta, Georgia","Atlanta, Georgia","Atlanta, Georgia","Atlanta, Georgia"
21,21,21,21,21,21,21
General Motors,General Motors,General Motors,General Motors,General Motors,General Motors,General Motors
Automotive industry,Automotive industry,Automotive industry,Automotive industry,Automotive industry,Automotive industry,Automotive industry
"156,735","156,735","156,735","156,735","156,735","156,735","156,735"
23.4%,23.4%,23.4%,23.4%,23.4%,23.4%,23.4%
"167,000","167,000","167,000","167,000","167,000","167,000","167,000"
"Detroit, Michigan","Detroit, Michigan","Detroit, Michigan","Detroit, Michigan","Detroit, Michigan","Detroit, Michigan","Detroit, Michigan"
22,22,22,22,22,22,22
Elevance Health,Elevance Health,Elevance Health,Elevance Health,Elevance Health,Elevance Health,Elevance Health
Healthcare,Healthcare,Healthcare,Healthcare,Healthcare,Healthcare,Healthcare
"156,595","156,595","156,595","156,595","156,595","156,595","156,595"
13.0%,13.0%,13.0%,13.0%,13.0%,13.0%,13.0%
"102,200","102,200","102,200","102,200","102,200","102,200","102,200"
"Indianapolis, Indiana","Indianapolis, Indiana","Indianapolis, Indiana","Indianapolis, Indiana","Indianapolis, Indiana","Indianapolis, Indiana","Indianapolis, Indiana"
23,23,23,23,23,23,23
JPMorgan Chase,JPMorgan Chase,JPMorgan Chase,JPMorgan Chase,JPMorgan Chase,JPMorgan Chase,JPMorgan Chase
Financial services,Financial services,Financial services,Financial services,Financial services,Financial services,Financial services
"154,792","154,792","154,792","154,792","154,792","154,792","154,792"
21.7%,21.7%,21.7%,21.7%,21.7%,21.7%,21.7%
"293,723","293,723","293,723","293,723","293,723","293,723","293,723"
"New York City, New York","New York City, New York","New York City, New York","New York City, New York","New York City, New York","New York City, New York","New York City, New York"
24,24,24,24,24,24,24
Kroger,Kroger,Kroger,Kroger,Kroger,Kroger,Kroger
Retail,Retail,Retail,Retail,Retail,Retail,Retail
"148,258","148,258","148,258","148,258","148,258","148,258","148,258"
7.5%,7.5%,7.5%,7.5%,7.5%,7.5%,7.5%
"430,000","430,000","430,000","430,000","430,000","430,000","430,000"
"Cincinnati, Ohio","Cincinnati, Ohio","Cincinnati, Ohio","Cincinnati, Ohio","Cincinnati, Ohio","Cincinnati, Ohio","Cincinnati, Ohio"
25,25,25,25,25,25,25
Centene,Centene,Centene,Centene,Centene,Centene,Centene
Healthcare,Healthcare,Healthcare,Healthcare,Healthcare,Healthcare,Healthcare
"144,547","144,547","144,547","144,547","144,547","144,547","144,547"
14.7%,14.7%,14.7%,14.7%,14.7%,14.7%,14.7%
"74,300","74,300","74,300","74,300","74,300","74,300","74,300"
"St. Louis, Missouri","St. Louis, Missouri","St. Louis, Missouri","St. Louis, Missouri","St. Louis, Missouri","St. Louis, Missouri","St. Louis, Missouri"
26,26,26,26,26,26,26
Verizon Communications,Verizon Communications,Verizon Communications,Verizon Communications,Verizon Communications,Verizon Communications,Verizon Communications
Telecommunications,Telecommunications,Telecommunications,Telecommunications,Telecommunications,Telecommunications,Telecommunications
"136,835","136,835","136,835","136,835","136,835","136,835","136,835"
2.4%,2.4%,2.4%,2.4%,2.4%,2.4%,2.4%
"117,100","117,100","117,100","117,100","117,100","117,100","117,100"
"New York City, New York","New York City, New York","New York City, New York","New York City, New York","New York City, New York","New York City, New York","New York City, New York"
27,27,27,27,27,27,27
Walgreens Boots Alliance,Walgreens Boots Alliance,Walgreens Boots Alliance,Walgreens Boots Alliance,Walgreens Boots Alliance,Walgreens Boots Alliance,Walgreens Boots Alliance
Pharmaceutical industry,Pharmaceutical industry,Pharmaceutical industry,Pharmaceutical industry,Pharmaceutical industry,Pharmaceutical industry,Pharmaceutical industry
"132,703","132,703","132,703","132,703","132,703","132,703","132,703"
10.7%,10.7%,10.7%,10.7%,10.7%,10.7%,10.7%
"262,500","262,500","262,500","262,500","262,500","262,500","262,500"
"Deerfield, Illinois","Deerfield, Illinois","Deerfield, Illinois","Deerfield, Illinois","Deerfield, Illinois","Deerfield, Illinois","Deerfield, Illinois"
28,28,28,28,28,28,28
Fannie Mae,Fannie Mae,Fannie Mae,Fannie Mae,Fannie Mae,Fannie Mae,Fannie Mae
Financials,Financials,Financials,Financials,Financials,Financials,Financials
"121,596","121,596","121,596","121,596","121,596","121,596","121,596"
19.7%,19.7%,19.7%,19.7%,19.7%,19.7%,19.7%
"8,000","8,000","8,000","8,000","8,000","8,000","8,000"
"Washington, D.C.","Washington, D.C.","Washington, D.C.","Washington, D.C.","Washington, D.C.","Washington, D.C.","Washington, D.C."
29,29,29,29,29,29,29
Comcast,Comcast,Comcast,Comcast,Comcast,Comcast,Comcast
Telecommunications,Telecommunications,Telecommunications,Telecommunications,Telecommunications,Telecommunications,Telecommunications
"121,427","121,427","121,427","121,427","121,427","121,427","121,427"
4.3%,4.3%,4.3%,4.3%,4.3%,4.3%,4.3%
"186,000","186,000","186,000","186,000","186,000","186,000","186,000"
"Philadelphia, Pennsylvania","Philadelphia, Pennsylvania","Philadelphia, Pennsylvania","Philadelphia, Pennsylvania","Philadelphia, Pennsylvania","Philadelphia, Pennsylvania","Philadelphia, Pennsylvania"
30,30,30,30,30,30,30
AT&T,AT&T,AT&T,AT&T,AT&T,AT&T,AT&T
Conglomerate and telecomunications,Conglomerate and telecomunications,Conglomerate and telecomunications,Conglomerate and telecomunications,Conglomerate and telecomunications,Conglomerate and telecomunications,Conglomerate and telecomunications
"120,741","120,741","120,741","120,741","120,741","120,741","120,741"
28.5%,28.5%,28.5%,28.5%,28.5%,28.5%,28.5%
"160,700","160,700","160,700","160,700","160,700","160,700","160,700"
"Dallas, Texas","Dallas, Texas","Dallas, Texas","Dallas, Texas","Dallas, Texas","Dallas, Texas","Dallas, Texas"
31,31,31,31,31,31,31
Meta Platforms,Meta Platforms,Meta Platforms,Meta Platforms,Meta Platforms,Meta Platforms,Meta Platforms
Technology,Technology,Technology,Technology,Technology,Technology,Technology
"116,609","116,609","116,609","116,609","116,609","116,609","116,609"
1.1%,1.1%,1.1%,1.1%,1.1%,1.1%,1.1%
"86,482","86,482","86,482","86,482","86,482","86,482","86,482"
"Menlo Park, California","Menlo Park, California","Menlo Park, California","Menlo Park, California","Menlo Park, California","Menlo Park, California","Menlo Park, California"
32,32,32,32,32,32,32
Bank of America,Bank of America,Bank of America,Bank of America,Bank of America,Bank of America,Bank of America
Financials,Financials,Financials,Financials,Financials,Financials,Financials
"115,053","115,053","115,053","115,053","115,053","115,053","115,053"
22.6%,22.6%,22.6%,22.6%,22.6%,22.6%,22.6%
"216,823","216,823","216,823","216,823","216,823","216,823","216,823"
"Charlotte, North Carolina","Charlotte, North Carolina","Charlotte, North Carolina","Charlotte, North Carolina","Charlotte, North Carolina","Charlotte, North Carolina","Charlotte, North Carolina"
33,33,33,33,33,33,33
Target Corporation,Target Corporation,Target Corporation,Target Corporation,Target Corporation,Target Corporation,Target Corporation
Retail,Retail,Retail,Retail,Retail,Retail,Retail
"109,120","109,120","109,120","109,120","109,120","109,120","109,120"
2.9%,2.9%,2.9%,2.9%,2.9%,2.9%,2.9%
"440,000","440,000","440,000","440,000","440,000","440,000","440,000"
"Minneapolis, Minnesota","Minneapolis, Minnesota","Minneapolis, Minnesota","Minneapolis, Minnesota","Minneapolis, Minnesota","Minneapolis, Minnesota","Minneapolis, Minnesota"
34,34,34,34,34,34,34
Dell Technologies,Dell Technologies,Dell Technologies,Dell Technologies,Dell Technologies,Dell Technologies,Dell Technologies
Technology,Technology,Technology,Technology,Technology,Technology,Technology
"102,301","102,301","102,301","102,301","102,301","102,301","102,301"
4.4%,4.4%,4.4%,4.4%,4.4%,4.4%,4.4%
"133,000","133,000","133,000","133,000","133,000","133,000","133,000"
"Round Rock, Texas","Round Rock, Texas","Round Rock, Texas","Round Rock, Texas","Round Rock, Texas","Round Rock, Texas","Round Rock, Texas"
35,35,35,35,35,35,35
Archer Daniels Midland,Archer Daniels Midland,Archer Daniels Midland,Archer Daniels Midland,Archer Daniels Midland,Archer Daniels Midland,Archer Daniels Midland
Food industry,Food industry,Food industry,Food industry,Food industry,Food industry,Food industry
"101,556","101,556","101,556","101,556","101,556","101,556","101,556"
19.1%,19.1%,19.1%,19.1%,19.1%,19.1%,19.1%
"41,181","41,181","41,181","41,181","41,181","41,181","41,181"
"Chicago, Illinois","Chicago, Illinois","Chicago, Illinois","Chicago, Illinois","Chicago, Illinois","Chicago, Illinois","Chicago, Illinois"
36,36,36,36,36,36,36
Citigroup,Citigroup,Citigroup,Citigroup,Citigroup,Citigroup,Citigroup
Financials,Financials,Financials,Financials,Financials,Financials,Financials
"101,078","101,078","101,078","101,078","101,078","101,078","101,078"
26.6%,26.6%,26.6%,26.6%,26.6%,26.6%,26.6%
"238,104","238,104","238,104","238,104","238,104","238,104","238,104"
"New York City, New York","New York City, New York","New York City, New York","New York City, New York","New York City, New York","New York City, New York","New York City, New York"
37,37,37,37,37,37,37
United Parcel Service,United Parcel Service,United Parcel Service,United Parcel Service,United Parcel Service,United Parcel Service,United Parcel Service
Transportation,Transportation,Transportation,Transportation,Transportation,Transportation,Transportation
"100,338","100,338","100,338","100,338","100,338","100,338","100,338"
3.1%,3.1%,3.1%,3.1%,3.1%,3.1%,3.1%
"404,700","404,700","404,700","404,700","404,700","404,700","404,700"
"Atlanta, Georgia","Atlanta, Georgia","Atlanta, Georgia","Atlanta, Georgia","Atlanta, Georgia","Atlanta, Georgia","Atlanta, Georgia"
38,38,38,38,38,38,38
Pfizer,Pfizer,Pfizer,Pfizer,Pfizer,Pfizer,Pfizer
Pharmaceutical industry,Pharmaceutical industry,Pharmaceutical industry,Pharmaceutical industry,Pharmaceutical industry,Pharmaceutical industry,Pharmaceutical industry
"100,330","100,330","100,330","100,330","100,330","100,330","100,330"
23.4%,23.4%,23.4%,23.4%,23.4%,23.4%,23.4%
"83,000","83,000","83,000","83,000","83,000","83,000","83,000"
"New York City, New York","New York City, New York","New York City, New York","New York City, New York","New York City, New York","New York City, New York","New York City, New York"
39,39,39,39,39,39,39
Lowe's,Lowe's,Lowe's,Lowe's,Lowe's,Lowe's,Lowe's
Retail,Retail,Retail,Retail,Retail,Retail,Retail
"97,059","97,059","97,059","97,059","97,059","97,059","97,059"
0.8%,0.8%,0.8%,0.8%,0.8%,0.8%,0.8%
"244,500","244,500","244,500","244,500","244,500","244,500","244,500"
"Mooresville, North Carolina","Mooresville, North Carolina","Mooresville, North Carolina","Mooresville, North Carolina","Mooresville, North Carolina","Mooresville, North Carolina","Mooresville, North Carolina"
40,40,40,40,40,40,40
Johnson & Johnson,Johnson & Johnson,Johnson & Johnson,Johnson & Johnson,Johnson & Johnson,Johnson & Johnson,Johnson & Johnson
Pharmaceutical industry,Pharmaceutical industry,Pharmaceutical industry,Pharmaceutical industry,Pharmaceutical industry,Pharmaceutical industry,Pharmaceutical industry
"94,943","94,943","94,943","94,943","94,943","94,943","94,943"
1.2%,1.2%,1.2%,1.2%,1.2%,1.2%,1.2%
"152,700","152,700","152,700","152,700","152,700","152,700","152,700"
"New Brunswick, New Jersey","New Brunswick, New Jersey","New Brunswick, New Jersey","New Brunswick, New Jersey","New Brunswick, New Jersey","New Brunswick, New Jersey","New Brunswick, New Jersey"
41,41,41,41,41,41,41
FedEx,FedEx,FedEx,FedEx,FedEx,FedEx,FedEx
Transportation,Transportation,Transportation,Transportation,Transportation,Transportation,Transportation
"93,512","93,512","93,512","93,512","93,512","93,512","93,512"
11.4%,11.4%,11.4%,11.4%,11.4%,11.4%,11.4%
"518,249","518,249","518,249","518,249","518,249","518,249","518,249"
"Memphis, Tennessee","Memphis, Tennessee","Memphis, Tennessee","Memphis, Tennessee","Memphis, Tennessee","Memphis, Tennessee","Memphis, Tennessee"
42,42,42,42,42,42,42
Humana,Humana,Humana,Humana,Humana,Humana,Humana
Health insurance,Health insurance,Health insurance,Health insurance,Health insurance,Health insurance,Health insurance
"92,870","92,870","92,870","92,870","92,870","92,870","92,870"
11.8%,11.8%,11.8%,11.8%,11.8%,11.8%,11.8%
"67,100","67,100","67,100","67,100","67,100","67,100","67,100"
"Louisville, Kentucky","Louisville, Kentucky","Louisville, Kentucky","Louisville, Kentucky","Louisville, Kentucky","Louisville, Kentucky","Louisville, Kentucky"
43,43,43,43,43,43,43
Energy Transfer Partners,Energy Transfer Partners,Energy Transfer Partners,Energy Transfer Partners,Energy Transfer Partners,Energy Transfer Partners,Energy Transfer Partners
Petroleum industry,Petroleum industry,Petroleum industry,Petroleum industry,Petroleum industry,Petroleum industry,Petroleum industry
"89,876","89,876","89,876","89,876","89,876","89,876","89,876"
33.3%,33.3%,33.3%,33.3%,33.3%,33.3%,33.3%
"12,565","12,565","12,565","12,565","12,565","12,565","12,565"
"Dallas, Texas","Dallas, Texas","Dallas, Texas","Dallas, Texas","Dallas, Texas","Dallas, Texas","Dallas, Texas"
44,44,44,44,44,44,44
State Farm,State Farm,State Farm,State Farm,State Farm,State Farm,State Farm
Financials,Financials,Financials,Financials,Financials,Financials,Financials
"89,328","89,328","89,328","89,328","89,328","89,328","89,328"
8.6%,8.6%,8.6%,8.6%,8.6%,8.6%,8.6%
"60,519","60,519","60,519","60,519","60,519","60,519","60,519"
"Bloomington, Illinois","Bloomington, Illinois","Bloomington, Illinois","Bloomington, Illinois","Bloomington, Illinois","Bloomington, Illinois","Bloomington, Illinois"
45,45,45,45,45,45,45
Freddie Mac,Freddie Mac,Freddie Mac,Freddie Mac,Freddie Mac,Freddie Mac,Freddie Mac
Financials,Financials,Financials,Financials,Financials,Financials,Financials
"86,717","86,717","86,717","86,717","86,717","86,717","86,717"
31.6%,31.6%,31.6%,31.6%,31.6%,31.6%,31.6%
"7,819","7,819","7,819","7,819","7,819","7,819","7,819"
"McLean, Virginia","McLean, Virginia","McLean, Virginia","McLean, Virginia","McLean, Virginia","McLean, Virginia","McLean, Virginia"
46,46,46,46,46,46,46
PepsiCo,PepsiCo,PepsiCo,PepsiCo,PepsiCo,PepsiCo,PepsiCo
Beverage,Beverage,Beverage,Beverage,Beverage,Beverage,Beverage
"86,859","86,859","86,859","86,859","86,859","86,859","86,859"
8.7%,8.7%,8.7%,8.7%,8.7%,8.7%,8.7%
"315,000","315,000","315,000","315,000","315,000","315,000","315,000"
"Purchase, New York","Purchase, New York","Purchase, New York","Purchase, New York","Purchase, New York","Purchase, New York","Purchase, New York"
47,47,47,47,47,47,47
Wells Fargo,Wells Fargo,Wells Fargo,Wells Fargo,Wells Fargo,Wells Fargo,Wells Fargo
Financials,Financials,Financials,Financials,Financials,Financials,Financials
"82,859","82,859","82,859","82,859","82,859","82,859","82,859"
0.5%,0.5%,0.5%,0.5%,0.5%,0.5%,0.5%
"238,000","238,000","238,000","238,000","238,000","238,000","238,000"
"San Francisco, California","San Francisco, California","San Francisco, California","San Francisco, California","San Francisco, California","San Francisco, California","San Francisco, California"
48,48,48,48,48,48,48
The Walt Disney Company,The Walt Disney Company,The Walt Disney Company,The Walt Disney Company,The Walt Disney Company,The Walt Disney Company,The Walt Disney Company
Media,Media,Media,Media,Media,Media,Media
"82,722","82,722","82,722","82,722","82,722","82,722","82,722"
22.7%,22.7%,22.7%,22.7%,22.7%,22.7%,22.7%
"195,800","195,800","195,800","195,800","195,800","195,800","195,800"
"Burbank, California","Burbank, California","Burbank, California","Burbank, California","Burbank, California","Burbank, California","Burbank, California"
49,49,49,49,49,49,49
ConocoPhillips,ConocoPhillips,ConocoPhillips,ConocoPhillips,ConocoPhillips,ConocoPhillips,ConocoPhillips
Petroleum industry,Petroleum industry,Petroleum industry,Petroleum industry,Petroleum industry,Petroleum industry,Petroleum industry
"82,156","82,156","82,156","82,156","82,156","82,156","82,156"
69.9%,69.9%,69.9%,69.9%,69.9%,69.9%,69.9%
"9,500","9,500","9,500","9,500","9,500","9,500","9,500"
"Houston, Texas","Houston, Texas","Houston, Texas","Houston, Texas","Houston, Texas","Houston, Texas","Houston, Texas"
50,50,50,50,50,50,50
Tesla,Tesla,Tesla,Tesla,Tesla,Tesla,Tesla
Automotive and energy,Automotive and energy,Automotive and energy,Automotive and energy,Automotive and energy,Automotive and energy,Automotive and energy
"81,462","81,462","81,462","81,462","81,462","81,462","81,462"
51.4%,51.4%,51.4%,51.4%,51.4%,51.4%,51.4%
"127,855","127,855","127,855","127,855","127,855","127,855","127,855"
"Austin, Texas","Austin, Texas","Austin, Texas","Austin, Texas","Austin, Texas","Austin, Texas","Austin, Texas"
51,51,51,51,51,51,51
Procter & Gamble,Procter & Gamble,Procter & Gamble,Procter & Gamble,Procter & Gamble,Procter & Gamble,Procter & Gamble
Consumer products manufacturing,Consumer products manufacturing,Consumer products manufacturing,Consumer products manufacturing,Consumer products manufacturing,Consumer products manufacturing,Consumer products manufacturing
"80,187","80,187","80,187","80,187","80,187","80,187","80,187"
5.3%,5.3%,5.3%,5.3%,5.3%,5.3%,5.3%
"106,000","106,000","106,000","106,000","106,000","106,000","106,000"
"Cincinnati, Ohio","Cincinnati, Ohio","Cincinnati, Ohio","Cincinnati, Ohio","Cincinnati, Ohio","Cincinnati, Ohio","Cincinnati, Ohio"
52,52,52,52,52,52,52
United States Postal Service,United States Postal Service,United States Postal Service,United States Postal Service,United States Postal Service,United States Postal Service,United States Postal Service
Logistics,Logistics,Logistics,Logistics,Logistics,Logistics,Logistics
"78,620","78,620","78,620","78,620","78,620","78,620","78,620"
2.0%,2.0%,2.0%,2.0%,2.0%,2.0%,2.0%
"576,000","576,000","576,000","576,000","576,000","576,000","576,000"
"Washington, D.C.","Washington, D.C.","Washington, D.C.","Washington, D.C.","Washington, D.C.","Washington, D.C.","Washington, D.C."
53,53,53,53,53,53,53
Albertsons,Albertsons,Albertsons,Albertsons,Albertsons,Albertsons,Albertsons
Retail,Retail,Retail,Retail,Retail,Retail,Retail
"77,650","77,650","77,650","77,650","77,650","77,650","77,650"
8.0%,8.0%,8.0%,8.0%,8.0%,8.0%,8.0%
"198,650","198,650","198,650","198,650","198,650","198,650","198,650"
"Boise, Idaho","Boise, Idaho","Boise, Idaho","Boise, Idaho","Boise, Idaho","Boise, Idaho","Boise, Idaho"
54,54,54,54,54,54,54
General Electric,General Electric,General Electric,General Electric,General Electric,General Electric,General Electric
Conglomerate,Conglomerate,Conglomerate,Conglomerate,Conglomerate,Conglomerate,Conglomerate
"76,555","76,555","76,555","76,555","76,555","76,555","76,555"
3.2%,3.2%,3.2%,3.2%,3.2%,3.2%,3.2%
"172,000","172,000","172,000","172,000","172,000","172,000","172,000"
"Boston, Massachusetts","Boston, Massachusetts","Boston, Massachusetts","Boston, Massachusetts","Boston, Massachusetts","Boston, Massachusetts","Boston, Massachusetts"
55,55,55,55,55,55,55
MetLife,MetLife,MetLife,MetLife,MetLife,MetLife,MetLife
Financials,Financials,Financials,Financials,Financials,Financials,Financials
"69,898","69,898","69,898","69,898","69,898","69,898","69,898"
1.7%,1.7%,1.7%,1.7%,1.7%,1.7%,1.7%
"45,000","45,000","45,000","45,000","45,000","45,000","45,000"
"New York City, New York","New York City, New York","New York City, New York","New York City, New York","New York City, New York","New York City, New York","New York City, New York"
56,56,56,56,56,56,56
Goldman Sachs,Goldman Sachs,Goldman Sachs,Goldman Sachs,Goldman Sachs,Goldman Sachs,Goldman Sachs
Financials,Financials,Financials,Financials,Financials,Financials,Financials
"68,711","68,711","68,711","68,711","68,711","68,711","68,711"
5.7%,5.7%,5.7%,5.7%,5.7%,5.7%,5.7%
"48,500","48,500","48,500","48,500","48,500","48,500","48,500"
"New York City, New York","New York City, New York","New York City, New York","New York City, New York","New York City, New York","New York City, New York","New York City, New York"
57,57,57,57,57,57,57
Sysco,Sysco,Sysco,Sysco,Sysco,Sysco,Sysco
Food service,Food service,Food service,Food service,Food service,Food service,Food service
"68,636","68,636","68,636","68,636","68,636","68,636","68,636"
33.8%,33.8%,33.8%,33.8%,33.8%,33.8%,33.8%
"70,510","70,510","70,510","70,510","70,510","70,510","70,510"
"Houston, Texas","Houston, Texas","Houston, Texas","Houston, Texas","Houston, Texas","Houston, Texas","Houston, Texas"
58,58,58,58,58,58,58
Bunge Limited,Bunge Limited,Bunge Limited,Bunge Limited,Bunge Limited,Bunge Limited,Bunge Limited
Food industry,Food industry,Food industry,Food industry,Food industry,Food industry,Food industry
"67,232","67,232","67,232","67,232","67,232","67,232","67,232"
13.7%,13.7%,13.7%,13.7%,13.7%,13.7%,13.7%
"23,000","23,000","23,000","23,000","23,000","23,000","23,000"
"White Plains, New York","White Plains, New York","White Plains, New York","White Plains, New York","White Plains, New York","White Plains, New York","White Plains, New York"
59,59,59,59,59,59,59
RTX Corporation,RTX Corporation,RTX Corporation,RTX Corporation,RTX Corporation,RTX Corporation,RTX Corporation
Conglomerate,Conglomerate,Conglomerate,Conglomerate,Conglomerate,Conglomerate,Conglomerate
"67,074","67,074","67,074","67,074","67,074","67,074","67,074"
4.2%,4.2%,4.2%,4.2%,4.2%,4.2%,4.2%
"182,000","182,000","182,000","182,000","182,000","182,000","182,000"
"Arlington County, Virginia","Arlington County, Virginia","Arlington County, Virginia","Arlington County, Virginia","Arlington County, Virginia","Arlington County, Virginia","Arlington County, Virginia"
60,60,60,60,60,60,60
Boeing,Boeing,Boeing,Boeing,Boeing,Boeing,Boeing
Aerospace and defense,Aerospace and defense,Aerospace and defense,Aerospace and defense,Aerospace and defense,Aerospace and defense,Aerospace and defense
"66,608","66,608","66,608","66,608","66,608","66,608","66,608"
6.9%,6.9%,6.9%,6.9%,6.9%,6.9%,6.9%
"156,000","156,000","156,000","156,000","156,000","156,000","156,000"
"Arlington County, Virginia","Arlington County, Virginia","Arlington County, Virginia","Arlington County, Virginia","Arlington County, Virginia","Arlington County, Virginia","Arlington County, Virginia"
61,61,61,61,61,61,61
StoneX Group,StoneX Group,StoneX Group,StoneX Group,StoneX Group,StoneX Group,StoneX Group
Financials,Financials,Financials,Financials,Financials,Financials,Financials
"66,036","66,036","66,036","66,036","66,036","66,036","66,036"
55.3%,55.3%,55.3%,55.3%,55.3%,55.3%,55.3%
"4,000[2]","4,000[2]","4,000[2]","4,000[2]","4,000[2]","4,000[2]","4,000[2]"
"New York City, New York","New York City, New York","New York City, New York","New York City, New York","New York City, New York","New York City, New York","New York City, New York"
62,62,62,62,62,62,62
Lockheed Martin,Lockheed Martin,Lockheed Martin,Lockheed Martin,Lockheed Martin,Lockheed Martin,Lockheed Martin
Aerospace and defense,Aerospace and defense,Aerospace and defense,Aerospace and defense,Aerospace and defense,Aerospace and defense,Aerospace and defense
"65,984","65,984","65,984","65,984","65,984","65,984","65,984"
1.6%,1.6%,1.6%,1.6%,1.6%,1.6%,1.6%
"116,000","116,000","116,000","116,000","116,000","116,000","116,000"
"Bethesda, Maryland","Bethesda, Maryland","Bethesda, Maryland","Bethesda, Maryland","Bethesda, Maryland","Bethesda, Maryland","Bethesda, Maryland"
63,63,63,63,63,63,63
Morgan Stanley,Morgan Stanley,Morgan Stanley,Morgan Stanley,Morgan Stanley,Morgan Stanley,Morgan Stanley
Financials,Financials,Financials,Financials,Financials,Financials,Financials
"65,936","65,936","65,936","65,936","65,936","65,936","65,936"
7.9%,7.9%,7.9%,7.9%,7.9%,7.9%,7.9%
"82,427","82,427","82,427","82,427","82,427","82,427","82,427"
"New York City, New York","New York City, New York","New York City, New York","New York City, New York","New York City, New York","New York City, New York","New York City, New York"
64,64,64,64,64,64,64
Intel,Intel,Intel,Intel,Intel,Intel,Intel
Technology,Technology,Technology,Technology,Technology,Technology,Technology
"63,054","63,054","63,054","63,054","63,054","63,054","63,054"
20.1%,20.1%,20.1%,20.1%,20.1%,20.1%,20.1%
"131,900","131,900","131,900","131,900","131,900","131,900","131,900"
"Santa Clara, California","Santa Clara, California","Santa Clara, California","Santa Clara, California","Santa Clara, California","Santa Clara, California","Santa Clara, California"
65,65,65,65,65,65,65
HP,HP,HP,HP,HP,HP,HP
Technology,Technology,Technology,Technology,Technology,Technology,Technology
"62,983","62,983","62,983","62,983","62,983","62,983","62,983"
0.8%,0.8%,0.8%,0.8%,0.8%,0.8%,0.8%
"58,000","58,000","58,000","58,000","58,000","58,000","58,000"
"Palo Alto, California","Palo Alto, California","Palo Alto, California","Palo Alto, California","Palo Alto, California","Palo Alto, California","Palo Alto, California"
66,66,66,66,66,66,66
TD Synnex,TD Synnex,TD Synnex,TD Synnex,TD Synnex,TD Synnex,TD Synnex
Infotech,Infotech,Infotech,Infotech,Infotech,Infotech,Infotech
"62,344","62,344","62,344","62,344","62,344","62,344","62,344"
97.2%,97.2%,97.2%,97.2%,97.2%,97.2%,97.2%
"28,500","28,500","28,500","28,500","28,500","28,500","28,500"
"Clearwater, Florida","Clearwater, Florida","Clearwater, Florida","Clearwater, Florida","Clearwater, Florida","Clearwater, Florida","Clearwater, Florida"
67,67,67,67,67,67,67
IBM,IBM,IBM,IBM,IBM,IBM,IBM
Technology and cloud computing,Technology and cloud computing,Technology and cloud computing,Technology and cloud computing,Technology and cloud computing,Technology and cloud computing,Technology and cloud computing
"60,530","60,530","60,530","60,530","60,530","60,530","60,530"
16.3%,16.3%,16.3%,16.3%,16.3%,16.3%,16.3%
"303,100","303,100","303,100","303,100","303,100","303,100","303,100"
"Armonk, New York","Armonk, New York","Armonk, New York","Armonk, New York","Armonk, New York","Armonk, New York","Armonk, New York"
68,68,68,68,68,68,68
HCA Healthcare,HCA Healthcare,HCA Healthcare,HCA Healthcare,HCA Healthcare,HCA Healthcare,HCA Healthcare
Healthcare,Healthcare,Healthcare,Healthcare,Healthcare,Healthcare,Healthcare
"60,233","60,233","60,233","60,233","60,233","60,233","60,233"
2.5%,2.5%,2.5%,2.5%,2.5%,2.5%,2.5%
"250,500","250,500","250,500","250,500","250,500","250,500","250,500"
"Nashville, Tennessee","Nashville, Tennessee","Nashville, Tennessee","Nashville, Tennessee","Nashville, Tennessee","Nashville, Tennessee","Nashville, Tennessee"
69,69,69,69,69,69,69
Prudential Financial,Prudential Financial,Prudential Financial,Prudential Financial,Prudential Financial,Prudential Financial,Prudential Financial
Financials,Financials,Financials,Financials,Financials,Financials,Financials
"60,050","60,050","60,050","60,050","60,050","60,050","60,050"
15.3%,15.3%,15.3%,15.3%,15.3%,15.3%,15.3%
"39,583","39,583","39,583","39,583","39,583","39,583","39,583"
"Newark, New Jersey","Newark, New Jersey","Newark, New Jersey","Newark, New Jersey","Newark, New Jersey","Newark, New Jersey","Newark, New Jersey"
70,70,70,70,70,70,70
Caterpillar,Caterpillar,Caterpillar,Caterpillar,Caterpillar,Caterpillar,Caterpillar
Machinery,Machinery,Machinery,Machinery,Machinery,Machinery,Machinery
"59,427","59,427","59,427","59,427","59,427","59,427","59,427"
16.6%,16.6%,16.6%,16.6%,16.6%,16.6%,16.6%
"109,100","109,100","109,100","109,100","109,100","109,100","109,100"
"Deerfield, Illinois","Deerfield, Illinois","Deerfield, Illinois","Deerfield, Illinois","Deerfield, Illinois","Deerfield, Illinois","Deerfield, Illinois"
71,71,71,71,71,71,71
Merck & Co.,Merck & Co.,Merck & Co.,Merck & Co.,Merck & Co.,Merck & Co.,Merck & Co.
Pharmaceutical industry,Pharmaceutical industry,Pharmaceutical industry,Pharmaceutical industry,Pharmaceutical industry,Pharmaceutical industry,Pharmaceutical industry
"59,283","59,283","59,283","59,283","59,283","59,283","59,283"
15.8%,15.8%,15.8%,15.8%,15.8%,15.8%,15.8%
"68,000","68,000","68,000","68,000","68,000","68,000","68,000"
"Kenilworth, New Jersey","Kenilworth, New Jersey","Kenilworth, New Jersey","Kenilworth, New Jersey","Kenilworth, New Jersey","Kenilworth, New Jersey","Kenilworth, New Jersey"
72,72,72,72,72,72,72
World Fuel Services,World Fuel Services,World Fuel Services,World Fuel Services,World Fuel Services,World Fuel Services,World Fuel Services
Petroleum industry and logistics,Petroleum industry and logistics,Petroleum industry and logistics,Petroleum industry and logistics,Petroleum industry and logistics,Petroleum industry and logistics,Petroleum industry and logistics
"59,043","59,043","59,043","59,043","59,043","59,043","59,043"
88.4%,88.4%,88.4%,88.4%,88.4%,88.4%,88.4%
"5,214","5,214","5,214","5,214","5,214","5,214","5,214"
"Miami, Florida","Miami, Florida","Miami, Florida","Miami, Florida","Miami, Florida","Miami, Florida","Miami, Florida"
73,73,73,73,73,73,73
New York Life Insurance Company,New York Life Insurance Company,New York Life Insurance Company,New York Life Insurance Company,New York Life Insurance Company,New York Life Insurance Company,New York Life Insurance Company
Insurance,Insurance,Insurance,Insurance,Insurance,Insurance,Insurance
"58,445","58,445","58,445","58,445","58,445","58,445","58,445"
14.2%,14.2%,14.2%,14.2%,14.2%,14.2%,14.2%
"15,050","15,050","15,050","15,050","15,050","15,050","15,050"
"New York City, New York","New York City, New York","New York City, New York","New York City, New York","New York City, New York","New York City, New York","New York City, New York"
74,74,74,74,74,74,74
Enterprise Products,Enterprise Products,Enterprise Products,Enterprise Products,Enterprise Products,Enterprise Products,Enterprise Products
Petroleum industry,Petroleum industry,Petroleum industry,Petroleum industry,Petroleum industry,Petroleum industry,Petroleum industry
"58,186","58,186","58,186","58,186","58,186","58,186","58,186"
42.6%,42.6%,42.6%,42.6%,42.6%,42.6%,42.6%
"7,300","7,300","7,300","7,300","7,300","7,300","7,300"
"Houston, Texas","Houston, Texas","Houston, Texas","Houston, Texas","Houston, Texas","Houston, Texas","Houston, Texas"
75,75,75,75,75,75,75
AbbVie,AbbVie,AbbVie,AbbVie,AbbVie,AbbVie,AbbVie
Pharmaceutical industry,Pharmaceutical industry,Pharmaceutical industry,Pharmaceutical industry,Pharmaceutical industry,Pharmaceutical industry,Pharmaceutical industry
"58,054","58,054","58,054","58,054","58,054","58,054","58,054"
3.3%,3.3%,3.3%,3.3%,3.3%,3.3%,3.3%
"50,000","50,000","50,000","50,000","50,000","50,000","50,000"
"Lake Bluff, Illinois","Lake Bluff, Illinois","Lake Bluff, Illinois","Lake Bluff, Illinois","Lake Bluff, Illinois","Lake Bluff, Illinois","Lake Bluff, Illinois"
76,76,76,76,76,76,76
Plains All American Pipeline,Plains All American Pipeline,Plains All American Pipeline,Plains All American Pipeline,Plains All American Pipeline,Plains All American Pipeline,Plains All American Pipeline
Petroleum industry,Petroleum industry,Petroleum industry,Petroleum industry,Petroleum industry,Petroleum industry,Petroleum industry
"57,342","57,342","57,342","57,342","57,342","57,342","57,342"
36.3%,36.3%,36.3%,36.3%,36.3%,36.3%,36.3%
"4,100","4,100","4,100","4,100","4,100","4,100","4,100"
"Houston, Texas","Houston, Texas","Houston, Texas","Houston, Texas","Houston, Texas","Houston, Texas","Houston, Texas"
77,77,77,77,77,77,77
Dow Chemical Company,Dow Chemical Company,Dow Chemical Company,Dow Chemical Company,Dow Chemical Company,Dow Chemical Company,Dow Chemical Company
Chemical industry,Chemical industry,Chemical industry,Chemical industry,Chemical industry,Chemical industry,Chemical industry
"56,902","56,902","56,902","56,902","56,902","56,902","56,902"
3.5%,3.5%,3.5%,3.5%,3.5%,3.5%,3.5%
"37,800","37,800","37,800","37,800","37,800","37,800","37,800"
"Midland, Michigan","Midland, Michigan","Midland, Michigan","Midland, Michigan","Midland, Michigan","Midland, Michigan","Midland, Michigan"
78,78,78,78,78,78,78
AIG,AIG,AIG,AIG,AIG,AIG,AIG
Insurance,Insurance,Insurance,Insurance,Insurance,Insurance,Insurance
"56,437","56,437","56,437","56,437","56,437","56,437","56,437"
8.4%,8.4%,8.4%,8.4%,8.4%,8.4%,8.4%
"26,200","26,200","26,200","26,200","26,200","26,200","26,200"
"New York City, New York","New York City, New York","New York City, New York","New York City, New York","New York City, New York","New York City, New York","New York City, New York"
79,79,79,79,79,79,79
American Express,American Express,American Express,American Express,American Express,American Express,American Express
Financial,Financial,Financial,Financial,Financial,Financial,Financial
"55,625","55,625","55,625","55,625","55,625","55,625","55,625"
27.3%,27.3%,27.3%,27.3%,27.3%,27.3%,27.3%
"77,300","77,300","77,300","77,300","77,300","77,300","77,300"
"New York City, New York","New York City, New York","New York City, New York","New York City, New York","New York City, New York","New York City, New York","New York City, New York"
80,80,80,80,80,80,80
Publix,Publix,Publix,Publix,Publix,Publix,Publix
Retail,Retail,Retail,Retail,Retail,Retail,Retail
"54,942","54,942","54,942","54,942","54,942","54,942","54,942"
13.5%,13.5%,13.5%,13.5%,13.5%,13.5%,13.5%
"242,000","242,000","242,000","242,000","242,000","242,000","242,000"
"Lakeland, Florida","Lakeland, Florida","Lakeland, Florida","Lakeland, Florida","Lakeland, Florida","Lakeland, Florida","Lakeland, Florida"
81,81,81,81,81,81,81
Charter Communications,Charter Communications,Charter Communications,Charter Communications,Charter Communications,Charter Communications,Charter Communications
Telecommunications,Telecommunications,Telecommunications,Telecommunications,Telecommunications,Telecommunications,Telecommunications
"54,022","54,022","54,022","54,022","54,022","54,022","54,022"
4.5%,4.5%,4.5%,4.5%,4.5%,4.5%,4.5%
"101,700","101,700","101,700","101,700","101,700","101,700","101,700"
"Stamford, Connecticut","Stamford, Connecticut","Stamford, Connecticut","Stamford, Connecticut","Stamford, Connecticut","Stamford, Connecticut","Stamford, Connecticut"
82,82,82,82,82,82,82
Tyson Foods,Tyson Foods,Tyson Foods,Tyson Foods,Tyson Foods,Tyson Foods,Tyson Foods
Food processing,Food processing,Food processing,Food processing,Food processing,Food processing,Food processing
"53,282","53,282","53,282","53,282","53,282","53,282","53,282"
13.2%,13.2%,13.2%,13.2%,13.2%,13.2%,13.2%
"142,000","142,000","142,000","142,000","142,000","142,000","142,000"
"Springdale, Arkansas","Springdale, Arkansas","Springdale, Arkansas","Springdale, Arkansas","Springdale, Arkansas","Springdale, Arkansas","Springdale, Arkansas"
83,83,83,83,83,83,83
John Deere,John Deere,John Deere,John Deere,John Deere,John Deere,John Deere
Agriculture manufacturing,Agriculture manufacturing,Agriculture manufacturing,Agriculture manufacturing,Agriculture manufacturing,Agriculture manufacturing,Agriculture manufacturing
"52,577","52,577","52,577","52,577","52,577","52,577","52,577"
19.4%,19.4%,19.4%,19.4%,19.4%,19.4%,19.4%
"82,239","82,239","82,239","82,239","82,239","82,239","82,239"
"Moline, Illinois","Moline, Illinois","Moline, Illinois","Moline, Illinois","Moline, Illinois","Moline, Illinois","Moline, Illinois"
84,84,84,84,84,84,84
Cisco,Cisco,Cisco,Cisco,Cisco,Cisco,Cisco
Telecom hardware manufacturing,Telecom hardware manufacturing,Telecom hardware manufacturing,Telecom hardware manufacturing,Telecom hardware manufacturing,Telecom hardware manufacturing,Telecom hardware manufacturing
"51,557","51,557","51,557","51,557","51,557","51,557","51,557"
3.5%,3.5%,3.5%,3.5%,3.5%,3.5%,3.5%
"83,300","83,300","83,300","83,300","83,300","83,300","83,300"
"San Jose, California","San Jose, California","San Jose, California","San Jose, California","San Jose, California","San Jose, California","San Jose, California"
85,85,85,85,85,85,85
Nationwide Mutual Insurance Company,Nationwide Mutual Insurance Company,Nationwide Mutual Insurance Company,Nationwide Mutual Insurance Company,Nationwide Mutual Insurance Company,Nationwide Mutual Insurance Company,Nationwide Mutual Insurance Company
Financial,Financial,Financial,Financial,Financial,Financial,Financial
"51,450","51,450","51,450","51,450","51,450","51,450","51,450"
8.6%,8.6%,8.6%,8.6%,8.6%,8.6%,8.6%
"24,791","24,791","24,791","24,791","24,791","24,791","24,791"
"Columbus, Ohio","Columbus, Ohio","Columbus, Ohio","Columbus, Ohio","Columbus, Ohio","Columbus, Ohio","Columbus, Ohio"
86,86,86,86,86,86,86
Allstate,Allstate,Allstate,Allstate,Allstate,Allstate,Allstate
Insurance,Insurance,Insurance,Insurance,Insurance,Insurance,Insurance
"51,412","51,412","51,412","51,412","51,412","51,412","51,412"
3.4%,3.4%,3.4%,3.4%,3.4%,3.4%,3.4%
"54,250","54,250","54,250","54,250","54,250","54,250","54,250"
"Northfield Township, Cook County, Illinois","Northfield Township, Cook County, Illinois","Northfield Township, Cook County, Illinois","Northfield Township, Cook County, Illinois","Northfield Township, Cook County, Illinois","Northfield Township, Cook County, Illinois","Northfield Township, Cook County, Illinois"
87,87,87,87,87,87,87
Delta Air Lines,Delta Air Lines,Delta Air Lines,Delta Air Lines,Delta Air Lines,Delta Air Lines,Delta Air Lines
Airline,Airline,Airline,Airline,Airline,Airline,Airline
"50,582","50,582","50,582","50,582","50,582","50,582","50,582"
69.2%,69.2%,69.2%,69.2%,69.2%,69.2%,69.2%
"95,000","95,000","95,000","95,000","95,000","95,000","95,000"
"Atlanta, Georgia","Atlanta, Georgia","Atlanta, Georgia","Atlanta, Georgia","Atlanta, Georgia","Atlanta, Georgia","Atlanta, Georgia"
88,88,88,88,88,88,88
Liberty Mutual,Liberty Mutual,Liberty Mutual,Liberty Mutual,Liberty Mutual,Liberty Mutual,Liberty Mutual
Insurance,Insurance,Insurance,Insurance,Insurance,Insurance,Insurance
"49,956","49,956","49,956","49,956","49,956","49,956","49,956"
3.6%,3.6%,3.6%,3.6%,3.6%,3.6%,3.6%
"50,000","50,000","50,000","50,000","50,000","50,000","50,000"
"Boston, Massachusetts","Boston, Massachusetts","Boston, Massachusetts","Boston, Massachusetts","Boston, Massachusetts","Boston, Massachusetts","Boston, Massachusetts"
89,89,89,89,89,89,89
TJX,TJX,TJX,TJX,TJX,TJX,TJX
Retail,Retail,Retail,Retail,Retail,Retail,Retail
"49,936","49,936","49,936","49,936","49,936","49,936","49,936"
2.9%,2.9%,2.9%,2.9%,2.9%,2.9%,2.9%
"329,000","329,000","329,000","329,000","329,000","329,000","329,000"
"Framingham, Massachusetts","Framingham, Massachusetts","Framingham, Massachusetts","Framingham, Massachusetts","Framingham, Massachusetts","Framingham, Massachusetts","Framingham, Massachusetts"
90,90,90,90,90,90,90
Progressive Corporation,Progressive Corporation,Progressive Corporation,Progressive Corporation,Progressive Corporation,Progressive Corporation,Progressive Corporation
Insurance,Insurance,Insurance,Insurance,Insurance,Insurance,Insurance
"49,611","49,611","49,611","49,611","49,611","49,611","49,611"
4.0%,4.0%,4.0%,4.0%,4.0%,4.0%,4.0%
"55,063","55,063","55,063","55,063","55,063","55,063","55,063"
"Mayfield Village, Ohio","Mayfield Village, Ohio","Mayfield Village, Ohio","Mayfield Village, Ohio","Mayfield Village, Ohio","Mayfield Village, Ohio","Mayfield Village, Ohio"
91,91,91,91,91,91,91
American Airlines,American Airlines,American Airlines,American Airlines,American Airlines,American Airlines,American Airlines
Airline,Airline,Airline,Airline,Airline,Airline,Airline
"48,971","48,971","48,971","48,971","48,971","48,971","48,971"
63.9%,63.9%,63.9%,63.9%,63.9%,63.9%,63.9%
"129,700","129,700","129,700","129,700","129,700","129,700","129,700"
"Fort Worth, Texas","Fort Worth, Texas","Fort Worth, Texas","Fort Worth, Texas","Fort Worth, Texas","Fort Worth, Texas","Fort Worth, Texas"
92,92,92,92,92,92,92
CHS,CHS,CHS,CHS,CHS,CHS,CHS
Agriculture cooperative,Agriculture cooperative,Agriculture cooperative,Agriculture cooperative,Agriculture cooperative,Agriculture cooperative,Agriculture cooperative
"47,194","47,194","47,194","47,194","47,194","47,194","47,194"
24.3%,24.3%,24.3%,24.3%,24.3%,24.3%,24.3%
"10,014","10,014","10,014","10,014","10,014","10,014","10,014"
"Inver Grove Heights, Minnesota","Inver Grove Heights, Minnesota","Inver Grove Heights, Minnesota","Inver Grove Heights, Minnesota","Inver Grove Heights, Minnesota","Inver Grove Heights, Minnesota","Inver Grove Heights, Minnesota"
93,93,93,93,93,93,93
Performance Food Group,Performance Food Group,Performance Food Group,Performance Food Group,Performance Food Group,Performance Food Group,Performance Food Group
Food processing,Food processing,Food processing,Food processing,Food processing,Food processing,Food processing
"47,194","47,194","47,194","47,194","47,194","47,194","47,194"
61.6%,61.6%,61.6%,61.6%,61.6%,61.6%,61.6%
"34,825","34,825","34,825","34,825","34,825","34,825","34,825"
"Richmond, Virginia","Richmond, Virginia","Richmond, Virginia","Richmond, Virginia","Richmond, Virginia","Richmond, Virginia","Richmond, Virginia"
94,94,94,94,94,94,94
PBF Energy,PBF Energy,PBF Energy,PBF Energy,PBF Energy,PBF Energy,PBF Energy
Petroleum industry,Petroleum industry,Petroleum industry,Petroleum industry,Petroleum industry,Petroleum industry,Petroleum industry
"46,830","46,830","46,830","46,830","46,830","46,830","46,830"
71.8%,71.8%,71.8%,71.8%,71.8%,71.8%,71.8%
"3,616","3,616","3,616","3,616","3,616","3,616","3,616"
"ParsippanyTroy Hills, New Jersey","ParsippanyTroy Hills, New Jersey","ParsippanyTroy Hills, New Jersey","ParsippanyTroy Hills, New Jersey","ParsippanyTroy Hills, New Jersey","ParsippanyTroy Hills, New Jersey","ParsippanyTroy Hills, New Jersey"
95,95,95,95,95,95,95
Nike,Nike,Nike,Nike,Nike,Nike,Nike
Apparel,Apparel,Apparel,Apparel,Apparel,Apparel,Apparel
"46,710","46,710","46,710","46,710","46,710","46,710","46,710"
4.9%,4.9%,4.9%,4.9%,4.9%,4.9%,4.9%
"79,100","79,100","79,100","79,100","79,100","79,100","79,100"
"Beaverton, Oregon","Beaverton, Oregon","Beaverton, Oregon","Beaverton, Oregon","Beaverton, Oregon","Beaverton, Oregon","Beaverton, Oregon"
96,96,96,96,96,96,96
Best Buy,Best Buy,Best Buy,Best Buy,Best Buy,Best Buy,Best Buy
Retail,Retail,Retail,Retail,Retail,Retail,Retail
"46,298","46,298","46,298","46,298","46,298","46,298","46,298"
10.6%,10.6%,10.6%,10.6%,10.6%,10.6%,10.6%
"71,100","71,100","71,100","71,100","71,100","71,100","71,100"
"Richfield, Minnesota","Richfield, Minnesota","Richfield, Minnesota","Richfield, Minnesota","Richfield, Minnesota","Richfield, Minnesota","Richfield, Minnesota"
97,97,97,97,97,97,97
Bristol-Myers Squibb,Bristol-Myers Squibb,Bristol-Myers Squibb,Bristol-Myers Squibb,Bristol-Myers Squibb,Bristol-Myers Squibb,Bristol-Myers Squibb
Pharmaceutical industry,Pharmaceutical industry,Pharmaceutical industry,Pharmaceutical industry,Pharmaceutical industry,Pharmaceutical industry,Pharmaceutical industry
"46,159","46,159","46,159","46,159","46,159","46,159","46,159"
0.5%,0.5%,0.5%,0.5%,0.5%,0.5%,0.5%
"34,300","34,300","34,300","34,300","34,300","34,300","34,300"
"New York City, New York","New York City, New York","New York City, New York","New York City, New York","New York City, New York","New York City, New York","New York City, New York"
98,98,98,98,98,98,98
United Airlines,United Airlines,United Airlines,United Airlines,United Airlines,United Airlines,United Airlines
Airline,Airline,Airline,Airline,Airline,Airline,Airline
"44,955","44,955","44,955","44,955","44,955","44,955","44,955"
82.5%,82.5%,82.5%,82.5%,82.5%,82.5%,82.5%
"92,795","92,795","92,795","92,795","92,795","92,795","92,795"
"Chicago, Illinois","Chicago, Illinois","Chicago, Illinois","Chicago, Illinois","Chicago, Illinois","Chicago, Illinois","Chicago, Illinois"
99,99,99,99,99,99,99
Thermo Fisher Scientific,Thermo Fisher Scientific,Thermo Fisher Scientific,Thermo Fisher Scientific,Thermo Fisher Scientific,Thermo Fisher Scientific,Thermo Fisher Scientific
Laboratory instruments,Laboratory instruments,Laboratory instruments,Laboratory instruments,Laboratory instruments,Laboratory instruments,Laboratory instruments
"44,915","44,915","44,915","44,915","44,915","44,915","44,915"
14.5%,14.5%,14.5%,14.5%,14.5%,14.5%,14.5%
"130,000","130,000","130,000","130,000","130,000","130,000","130,000"
"Waltham, Massachusetts","Waltham, Massachusetts","Waltham, Massachusetts","Waltham, Massachusetts","Waltham, Massachusetts","Waltham, Massachusetts","Waltham, Massachusetts"
100,100,100,100,100,100,100
Qualcomm,Qualcomm,Qualcomm,Qualcomm,Qualcomm,Qualcomm,Qualcomm
Technology,Technology,Technology,Technology,Technology,Technology,Technology
"44,200","44,200","44,200","44,200","44,200","44,200","44,200"
31.7%,31.7%,31.7%,31.7%,31.7%,31.7%,31.7%
"51,000","51,000","51,000","51,000","51,000","51,000","51,000"
"San Diego, California","San Diego, California","San Diego, California","San Diego, California","San Diego, California","San Diego, California","San Diego, California"
